"","SD","HFD","DR","EX","DREX","cluster"
"Acy.3-methylglutaryl carnitine",0.102314285714286,0.0521285714285714,0.0408571428571429,0.0586833333333333,0.0502428571428571,10
"Acy.Acetyl carnitine",63.6,62.6428571428571,46.3571428571429,48.7833333333333,70.2,3
"Acy.Butyryl carnitine",6.48285714285714,7.59714285714286,7.43571428571429,9.34166666666667,13.4885714285714,6
"Acy.carnitine",450.571428571429,503.285714285714,478.1,804.833333333333,955.571428571429,9
"Acy.Dodecanoyl carnitine",1.91042857142857,1.554,1.55842857142857,2.15333333333333,2.01428571428571,4
"Acy.Dodecenoyl carnitine",0.346,0.311571428571429,0.337685714285714,0.358333333333333,0.423428571428571,3
"Acy.Hexadecadienoyl carnitine",0.889,1.068,0.622714285714286,1.151,1.43928571428571,3
"Acy.Hexadecanoyl carnitine",6.10857142857143,5.42857142857143,4.67285714285714,6.34833333333333,6.35714285714286,4
"Acy.Hexadecatrienoyl carnitine",0.608142857142857,0.778428571428571,0.511857142857143,0.792166666666667,0.725428571428571,9
"Acy.Hexadecenoyl carnitine",8.29714285714286,3.90428571428571,5.63171428571429,5.37166666666667,7.12714285714286,10
"Acy.Hydroxy-methylbutyryl carnitine",4.84714285714286,6.00571428571429,5.36857142857143,7.80333333333333,6.97857142857143,9
"Acy.Hydroxybutrylcarnitine",1.86314285714286,0.722142857142857,0.927285714285714,0.982166666666667,0.912857142857143,10
"Acy.Icosadecadienoyl carnitine",0.240142857142857,0.257428571428571,0.184914285714286,0.370333333333333,0.252,9
"Acy.Icosadecanoyl carnitine",0.203571428571429,0.202714285714286,0.183342857142857,0.316166666666667,0.28,9
"Acy.Icosadecenoyl carnitine",0.507,0.461,0.457142857142857,0.8045,0.648714285714286,4
"Acy.Octadecanoyl carnitine",3.03714285714286,3.08571428571429,2.57714285714286,3.785,3.03285714285714,9
"Acy.Octadecatrienoyl carnitine",0.395285714285714,0.451571428571429,0.2946,0.502666666666667,0.505571428571429,9
"Acy.Octadecedienoyl carnitine",4.21714285714286,5.09571428571429,3.07142857142857,5.62833333333333,4.74,9
"Acy.Octadecenoyl carnitine",11.5257142857143,9.13714285714286,8.46428571428571,11.5533333333333,10.5714285714286,4
"Acy.Pentanoyl carnitine",8.17,8.17428571428571,8.68428571428571,14.2666666666667,12.1171428571429,9
"Acy.propionyl carnitine",3.90714285714286,3.67714285714286,3.66857142857143,4.88333333333333,6.61428571428571,3
"Acy.Tetradecadienoyl carnitine",0.344428571428571,0.392285714285714,0.310985714285714,0.4805,0.437142857142857,9
"Acy.Tetradecanoyl carnitine",5.73714285714286,4.78714285714286,4.63714285714286,5.91333333333333,6.71142857142857,3
"Acy.Tetradecenoyl carnitine",4.49142857142857,3.26142857142857,3.568,4.30833333333333,4.82,4
"Untar.(E)-5-HYDROXY-3-ISOBUTYL-6-(3-METHYLBENZYLIDENE)-1,6-DIHYDROPYRAZIN-2(3H)-ONE",12.6103106115139,10.7881648018478,8.92959036585985,18.8400410496822,16.1493165010112,4
"Untar.1-STEAROYL-SN-GLYCERO-3-PHOSPHOCHOLINE",21.7221816897431,22.019229056127,22.5716590929226,22.7948520612627,23.4414802298085,1
"Untar.10-Hydroxydecanoic acid",19.9258300428611,19.2829669576037,19.6247776064253,19.6056834452433,19.4331585477436,10
"Untar.2-AMINO-2-METHYLPROPANOATE",23.561254836718,22.9658685357278,22.9389573636146,22.1150507687862,22.4634116809828,5
"Untar.2-Hydroxyisocaproic acid",20.052145558091,18.9827261707492,20.1671969540922,20.7378513601971,20.5958024158972,4
"Untar.2-Hydroxyvaleric acid",21.800792184993,21.1007276861382,21.1620351567916,21.4666748378342,21.739680004049,10
"Untar.2'-Deoxyguanosine 5'-monophosphate",14.9827387912323,18.3541751512182,14.1358617586039,17.8741806183945,9.97251753980761,2
"Untar.3-HYDROXY-3-METHYLGLUTARATE",21.2818798916663,21.1602940971841,21.1574859551417,21.4615580559266,21.5418149409032,4
"Untar.3-Hydroxyanthranilic acid",20.6764083252512,19.9724433832261,20.333143509826,20.1489728502679,20.0362110781532,10
"Untar.3-Hydroxycinnamic acid",18.6673318712676,19.0614641427926,18.9697008666765,17.7484395064198,17.5630917436734,5
"Untar.3-Hydroxypropanoic acid",21.3926685393705,20.8517020969465,21.4246279922248,21.7719860684546,22.0379103449117,4
"Untar.3-METHYLHISTIDINE",26.372821995852,25.0877805190176,25.8343173909272,25.9136578494648,25.6955124799335,10
"Untar.3-Phenyllactic acid",19.9652555198066,19.7536748711434,19.6966540145657,19.7673576428056,19.8359855550246,10
"Untar.3,4-DIHYDROXY-1-PHENYLALANINE",18.8750018991383,17.4235015636823,18.1636992101815,15.555047079913,15.1388196406594,5
"Untar.3,5-DIIODO-L-TYROSINE",16.1973288798737,11.7120865935537,16.9418632768804,20.5486087424945,17.7430599096532,4
"Untar.4-AMINOBUTANOATE",24.8606505205288,24.350722122298,24.3994298606985,24.3947479294341,24.8277257123671,10
"Untar.4-GUANIDINOBUTANOIC ACID",17.8405769197542,19.8028342231232,18.2915831854878,17.6948083770867,18.8041072352117,2
"Untar.4-Hydroxyphenyllactic acid",21.7512181160428,20.5962692309845,20.7277657389458,21.5119514122844,21.3705552338551,10
"Untar.4-PYRIDOXATE",20.7702972456671,20.3000584965547,19.6718116754207,19.3834570245482,19.7713841222715,5
"Untar.5-AMINOVALERIC ACID",26.9695694270167,27.1297911659963,27.5986650231609,28.2468835080486,27.8152321258087,9
"Untar.5-OXO-L-PROLINE",17.7930889054851,10.0784045019988,17.2966103502184,17.7012489997672,9.4601492966079,10
"Untar.5,6-DIHYDROURACIL",35.1174605155471,34.1248335126608,33.2843666312433,33.0718214593017,33.1706980572178,5
"Untar.6-CARBOXYHEXANOATE",22.9207585935288,22.749499992817,22.7877560778811,22.8136174293848,22.6314223935251,10
"Untar.9-Trans-Palmitelaidic acid",22.6396308959404,21.3171613457099,22.1836965173513,22.3315722668057,22.3188321950972,10
"Untar.Acetylleucine (isomer of 164)",20.9739940936821,20.7182128096914,21.3082088003001,20.6601415260693,20.735384186395,5
"Untar.ADENOSINE",12.351795883247,20.8332128631294,17.4522163487866,24.5542409788743,20.7568138586453,9
"Untar.ADENOSINE 5'-MONOPHOSPHATE",17.9021355638958,20.7723146184335,18.8618488193934,23.5975057006213,21.7569490760755,9
"Untar.ADIPIC ACID",23.2567627965128,22.9742065972202,23.1554284383752,23.1500544418172,23.0585479551251,10
"Untar.Ala-Ile",13.9402307578688,10.7570130828809,11.0176370170691,14.4115458149494,11.889227302991,10
"Untar.ALA-VAL",21.4286950055128,21.299915132027,21.612753716363,22.812096178309,22.905603220802,4
"Untar.ALPHA-AMINOADIPATE",22.4558095842931,22.1171717793435,22.6101078491533,22.5117967534188,22.4696878500241,10
"Untar.ANSERINE",27.0810109964492,25.7050059501616,26.0270731044848,26.7114081354155,26.310540381279,10
"Untar.Anthranilic acid",17.6058313835291,16.187414381866,17.3502954626212,16.4060942271831,16.5387924663912,10
"Untar.AZELAIC ACID",26.2829209536672,26.142921940116,26.1349504242807,25.8033361080541,25.8300917319724,5
"Untar.Beta-Hydroxybutyric acid",17.9206624699541,17.5861781169569,17.3740951841186,18.3671730806685,18.0652937616052,4
"Untar.CHOLINE",18.8418479948516,19.7496500278408,19.818188998353,19.833250973857,16.9466624448453,2
"Untar.CITRULLINE",23.6082633448141,22.2174769887904,21.9343839822374,20.5852170088385,20.535282629965,5
"Untar.Creatine",24.9103578341266,24.6291933953279,24.6266334914656,24.8825196523712,24.8808787983861,4
"Untar.CREATININE",27.4793150714368,26.7364739597684,27.5340588633641,27.5568860503026,28.3482579354464,3
"Untar.CYCLO(LEU-PRO)",17.5058917960913,17.6682878283853,16.7926527487485,18.4005269094285,18.5366252022067,9
"Untar.Cysteic Acid",21.1034008287156,20.8378851615119,21.3965352372324,20.3416458071091,20.7031722605872,5
"Untar.D-Arabinose-5-phosphate",21.252632055262,21.5171294641009,21.7001928166333,21.9790661148399,21.756640335754,9
"Untar.D-Erythrose-4-phosphate",17.3233596201572,20.6509806716194,21.6418096338766,19.8031219274993,20.6079565679151,1
"Untar.D-Gluconic acid",20.3335110870562,20.0975981997761,20.4897686342414,20.6136269930261,20.4529498357241,4
"Untar.D(+)-Galacturonic acid",20.9800273291118,20.6848669184437,21.0107062966782,21.2051450391138,21.1700774001744,4
"Untar.Dodecanedioic acid",15.0078998673471,14.0266975596698,12.5390050788937,18.6060780667237,17.7073525856205,9
"Untar.EPIGALLOCATECHIN",25.3858758458469,25.4092205084652,24.8324862124905,25.3657800948447,25.1087363471815,2
"Untar.epsilon-Fructoselysine",24.5739751673728,23.8975169859699,24.9988178351489,24.9049385162553,24.0550058058647,10
"Untar.Erythronolactone",23.7849853522602,23.4924527476118,23.5309552300075,23.8870587599561,23.7128832959898,4
"Untar.gamma-Glutamylleucine",21.0270141042587,18.1669521804114,20.5562227817373,19.434221640832,19.947567413779,10
"Untar.gamma-Glutamyltyrosine",18.7252432229424,16.6909305873775,18.1387975078081,14.2547319002652,17.7078561452047,5
"Untar.Glutarate",19.2442108246555,18.4116301635245,18.7906821750672,19.5611351362056,19.3160136753235,4
"Untar.Glutathione (oxidized)",18.5329131671781,18.3658404672107,19.0364181538854,19.7737323808226,18.6958592314394,4
"Untar.Gly-Leu",17.1825262713386,16.4339842178744,16.8965162920207,18.3521319805661,17.6005095326758,4
"Untar.Glycolic acid",22.223867862331,22.0838688637219,22.1067528216424,22.1496450063456,22.4223674261207,3
"Untar.HIPPURATE",22.9087589902487,23.5595217138964,23.4639411503546,23.1483610301749,23.2116805512235,2
"Untar.Hydroxysebacic acid",18.8761002419275,18.1155987379342,18.3634820117027,19.1461608869898,18.8498652008463,4
"Untar.Hypoxanthine",25.9927387689885,25.3803922480479,25.9985175240406,25.3979202231531,26.1430580698283,10
"Untar.Indole-3-carboxylic acid",19.1345149151168,18.0005172491393,18.5111443162316,17.2020366188835,18.3769429511018,5
"Untar.Indolelactic acid",19.3040904941476,18.2474516599428,19.484965781853,15.0656982354578,19.2579569837962,5
"Untar.Inosine",22.2222069546454,23.5170442073759,21.7716539123054,23.3552015585043,22.4723751472779,2
"Untar.Inosine 5'-monophosphate",13.1135723970369,11.4033686371174,5.2265763981348,20.4401041955575,14.236068037672,9
"Untar.Isobutyric acid",18.9383473854698,19.4951959009459,18.6698848565162,19.6805098292375,19.7056870534675,9
"Untar.ISONICOTINIC ACID",24.1209618220966,23.3067444849068,23.8712692347614,24.8326771677571,24.4512103047337,4
"Untar.Ketoleucine",21.8361972202065,21.1931713299296,21.2800602645473,20.4594764131084,21.0796298199462,5
"Untar.L-CARNOSINE",26.1013081746328,21.1858013441982,25.2703019070687,28.9595738051198,27.6525414816056,4
"Untar.L-Citrulline",20.1487594046634,18.7141758465045,19.3802462024778,16.2074374647767,18.8473601319604,5
"Untar.L-DOPA",19.8188274483782,18.2510961869886,19.642614297506,15.8709052469309,16.3084734208283,5
"Untar.Linoleic acid",21.8881789966155,20.2484330132415,22.8213289155483,23.4070110520462,22.5981416169857,4
"Untar.LPE 18:1",20.388277619282,19.8035068915425,19.9595295996528,20.5704345586612,19.8989464412709,10
"Untar.Myo-Inositol",23.9137963169323,23.6824062122738,23.8516681372665,24.059024602212,24.0265616378527,4
"Untar.N-ACETYL-L-ALANINE",22.2704761610003,21.647415936133,22.2573222275546,21.4483179194543,21.8098420569499,5
"Untar.N-ACETYL-L-ASPARTIC ACID",23.2225654248587,24.4217212870447,24.4874554699523,26.8732451363252,27.3693748937408,9
"Untar.N-ACETYL-L-PHENYLALANINE",21.2804316564673,20.2007382829945,21.2673933297719,19.9859418465269,20.6492808959986,5
"Untar.N-Acetylaspartic acid",21.8595417839667,23.0609768538504,21.9819948735884,24.1252336137086,24.1523695512245,9
"Untar.N-Acetylaspartylglutamic acid",26.0522537609212,25.9077829729799,26.3216271184542,26.3001054365276,26.1355842691576,4
"Untar.N-Acetylglutamic acid",21.4587839072456,21.3598026517731,21.4862689265999,21.6613589955073,21.6179769647787,4
"Untar.N-ACETYLLEUCINE",21.756744880707,20.8477241746125,22.4539994337669,22.3468169073654,20.9666952556777,10
"Untar.N-ACETYLPHENYLALANINE",19.7038286892396,18.4413383971755,20.2373841949448,15.09636991656,11.8208943529771,5
"Untar.N-alpha-Acetyl-L-ornithine",20.2047320764051,20.0776329916769,20.6917446154021,19.9208427351189,20.128850800562,5
"Untar.N-EPSILON-ACETYLLYSINE",23.8210116435941,23.1314194283977,24.1657685299506,24.4343832144914,24.7131534336483,4
"Untar.N-Fructosyl isoleucine",15.5408350899831,14.7356697684077,15.6447100163113,12.4307180039071,10.1900992599371,5
"Untar.N-METHYLPROLINE",29.6399145613174,27.8437423799553,28.9739648644204,29.1390174869821,28.4403678583608,10
"Untar.N,N-ACETYLHISTIDINE",23.9659311810142,22.8447522774867,23.3334637357179,23.3746888729492,22.90025593081,10
"Untar.NIACINAMIDE",29.7968475281483,29.1390213776775,29.5325442180644,30.6190654457424,30.5213532695366,4
"Untar.NONANOATE",21.8191565804491,21.2744991664423,21.4511515409307,21.6666274579026,21.7469461503828,10
"Untar.Norleucine",24.7553644207041,23.4085874639226,24.1429920829131,23.8272693981299,23.9949641102739,10
"Untar.O-ACETYLCARNITINE",27.1078888026252,26.2375000821739,26.2813888910979,24.2900122577392,25.1641199912757,5
"Untar.O-Phosphorylethanolamine",21.9999361071449,21.4338333696675,22.1587917704284,22.074796525948,21.8330421907758,10
"Untar.P-OCTOPAMINE",25.5374437635964,24.0889907722318,24.5628049727283,24.5963641575679,23.8033795781563,10
"Untar.Panthenol",21.7883139868665,21.5466877840387,21.4811734640734,21.1693628559282,20.543185687495,5
"Untar.Pantothenate",23.725524933305,23.1098345701053,23.0615551389763,23.0852507515864,23.783576108357,3
"Untar.PHENYLETHANOLAMINE",25.3958008214417,23.3004707582837,25.4636464486795,25.8891639838312,26.3291385610442,4
"Untar.PHOSPHORYLCHOLINE",24.0026370427334,24.3194704219515,24.1876424708765,22.4444350771915,23.1150107294633,5
"Untar.PIPECOLIC ACID",29.3663928993853,27.8158707555515,29.1679493859464,29.0296337855976,29.0052451084541,10
"Untar.Propionic acid",18.9791938976788,18.7164317414625,19.1556616870819,19.4177900325505,19.2222713471776,4
"Untar.Purine",22.4369041108418,21.885461932485,21.5773917412281,21.9886498912903,22.1123219361351,10
"Untar.Pyroglutamic acid",24.6539634367108,24.1864919277632,24.4414152284538,24.7218864468008,24.4566089083678,10
"Untar.Pyruvic acid",21.8331551969506,21.680161496237,21.5377117860813,21.6537639703309,21.8486920326134,3
"Untar.Sebacic acid",22.8273206202652,22.6237872005457,22.7393464887935,22.4318643538114,22.2435868125167,5
"Untar.SN-GLYCERO-3-PHOSPHOCHOLINE",20.4615426578732,22.1576388592207,19.9643838544251,20.4207638682558,16.9247131961883,2
"Untar.SPHINGOSINE",20.6833232146399,17.6988024566051,20.3543457516357,23.1986428865217,22.2027438157173,4
"Untar.Stearic acid",18.872126362357,17.3754709918115,19.6068006646552,18.4982094930152,18.6774224764869,10
"Untar.SUBERIC ACID",24.9324698839584,24.9193499570967,24.8210935132199,24.4448608552766,24.4378786375412,5
"Untar.TARGININE",23.4557902448598,21.7693206688844,24.3893967416569,21.8114843545594,22.4789380019122,5
"Untar.Taurine",27.1978449860129,26.7553591067128,26.7028969908599,26.8223292756732,26.7624484961613,10
"Untar.Threonic acid",23.2759495278742,22.7151553179814,23.3830302845303,23.5696332649202,23.0767531857487,4
"Untar.Undecanedioic acid",18.056047890405,17.7544578779309,18.7142154156265,21.1572917948268,21.1709329341986,4
"Untar.URACIL",22.0170701238457,21.3768387714017,21.933636623727,21.5338755549674,21.8531975669464,10
"Untar.URATE",19.8239157349198,18.5303337224455,18.9507366070157,18.4143214882657,18.1623880901177,5
"Untar.URIDINE",22.5778831710331,22.1169839369866,22.4351369432452,22.4744755572225,22.5141433728914,10
"Untar.Xanthine",24.8855749046491,23.7421091520867,24.3313781839626,23.8098224502451,24.0669997741438,10
"Untar.XANTHOSINE",20.2807360512715,19.4062029866044,20.0181126426433,18.5677481122488,19.2283387754149,5
"Untar.Carnitine",450.571428571429,503.285714285714,478.1,804.833333333333,955.571428571429,9
"Polar.Alanine",1.75557142857143,1.44485714285714,1.70642857142857,0.8395,1.241,5
"Polar.Arginine",5.33571428571429,4.85771428571429,7.31571428571429,1.64783333333333,3.00614285714286,5
"Polar.Asparagine",0.219128571428571,0.126504285714286,0.204928571428571,0.0413833333333333,0.0925142857142857,5
"Polar.Aspartic acid",2.33985714285714,2.77385714285714,3.21428571428571,1.38083333333333,2.32857142857143,5
"Polar.Citrate  & Isocitrate",0.4451,0.270885714285714,0.573,0.909866666666667,0.459314285714286,4
"Polar.Glucose",0.747714285714286,0.719714285714286,0.778714285714286,0.902666666666667,1.05085714285714,3
"Polar.Glucose 6 phosphate  & Fructose 6 phosphate",1.665,1.14757142857143,1.68328571428571,1.636,1.59242857142857,10
"Polar.Glutamic acid",4.58,4.10571428571429,4.87714285714286,2.795,3.59142857142857,5
"Polar.Glutamine",1.433,1.066,1.09714285714286,0.587166666666667,0.876,5
"Polar.GLYCEROL 2-PHOSPHATE",5852142.85714286,8128571.42857143,10472857.1428571,15841666.6666667,15238571.4285714,9
"Polar.Histidine",1.46457142857143,0.7315,1.01985714285714,0.274116666666667,0.541128571428571,5
"Polar.Isoleucine",7.05385714285714,4.14185714285714,5.89,3.0145,3.80857142857143,5
"Polar.ITACONATE",0.0341571428571429,0.0392285714285714,0.0361428571428571,0.0462833333333333,0.057,3
"Polar.LACTATE",2.81857142857143,2.89,2.46,2.67333333333333,3.60714285714286,3
"Polar.Leucine",6.94642857142857,4.00214285714286,5.77714285714286,3.01066666666667,3.70971428571429,5
"Polar.Lysine",2.17571428571429,1.64914285714286,2.25757142857143,1.08433333333333,1.26014285714286,5
"Polar.MALATE",0.798857142857143,0.643142857142857,0.735857142857143,0.918666666666667,0.906,4
"Polar.Methionine",0.0102488714285714,0.00105814285714286,0.00108074285714286,0.000213583333333333,0.000143728571428571,10
"Polar.Phenylalanine",2.15285714285714,1.70671428571429,2.76014285714286,1.27066666666667,1.48942857142857,5
"Polar.Proline",4.55157142857143,2.61714285714286,4.26571428571429,0.979166666666667,2.757,5
"Polar.Serine",1.14371428571429,0.798714285714286,1.12571428571429,0.367166666666667,0.66,5
"Polar.SUCCINATE",0.0851857142857143,0.0887285714285714,0.0809285714285714,0.4784,0.156185714285714,9
"Polar.Threonine",0.967285714285714,0.631428571428571,0.913142857142857,0.408,0.617857142857143,5
"Polar.Trptophan",0.0686885714285714,0.0327138571428571,0.0514028571428571,0.0407166666666667,0.0318757142857143,10
"Polar.Tyrosine",1.73485714285714,0.944,1.43628571428571,0.507333333333333,0.849,5
"Polar.Valine",3.28785714285714,3.07571428571429,3.89142857142857,2.115,2.20428571428571,5
"Acetyl_CoA_dat_m_17",0.00753295668549906,0.0174212598425197,0.0144764053393495,0.072627025190478,0.0106560106560107,9
"Acetyl_CoA_dat_m_8",0,0,0.000839026728994367,0.05631051768966,0,9
"ADP_dat_m_1",0.00181728910536598,0.00825593709297466,0.00375886936970415,0.00369587605769766,0.00630351594782003,2
"Aspartic_acid_dat_m_1",0.0105903941750998,0.00873168928897336,0.0114453967547766,0.0060484422732787,0.00848590563912291,5
"Aspartic_acid_dat_m_2",0.0127995132202969,0.0134045353515818,0.0132711947501211,0.0118154569566973,0.0131277807161269,5
"ATP_dat_m_1",0.134993320039265,0.080345262511708,0.111981484456594,0.0352720825274017,0.409780641106222,3
"ATP_dat_m_2",0.563006147709286,0.799234248494092,0.0917005112704472,0.996046805783818,2.5340559215273,3
"ATP_dat_m_3",0.0237298499462869,0.025320322320599,0.0171515706955383,0.0941796508993041,0.08,9
"ATP_dat_m_5",0.0217013888888889,0.355311448043539,0.0207194899817851,0.0731292517006803,0,2
"Citric_Isocitric_acid_dat_m_1",0.0216082384913372,0.0157543957565431,0.0187393128358605,0.0155688855469275,0.0226488704716925,10
"Citric_Isocitric_acid_dat_m_2",0.0406841040927039,0.0351697014637199,0.0397934416971806,0.0415474445241694,0.050624186289151,3
"Citric_Isocitric_acid_dat_m_3",0.0106361162446829,0.0104099518613992,0.0106387510502426,0.0100136302280005,0.0141388043465959,3
"E4P_dat_m_1",0.0250547299970288,0.0266195227732617,0.0239225279120448,0.0250639844127547,0.0300748780897692,6
"E4P_dat_m_3",0.0133685655681461,0.00639984919125347,0.0114324913933819,0.0138792646180205,0.0189685786765146,4
"F6P_dat_m_1",0.0115884049870312,0.0111980772287101,0.0111220327053623,0.010386247974014,0.0136367806307444,3
"F6P_dat_m_2",0.00575288013907044,0.00554056171346018,0.00675426550216297,0.0054919448800644,0.00772161610013929,8
"F6P_dat_m_3",0.0501756323627286,0.0577766923897581,0.044545344064641,0.0428123307987747,0.0421934477489162,2
"FAD_dat_m_18",0.00772092038080106,0.0147620880418286,0.0070664234739931,0.0105213794347719,0.00929186447161875,2
"Fructose_1_6_bisphosphate_dat_m_3",0.0452500165609994,0.045206969107141,0.0470336847491282,0.0429021716979909,0.0465486397450932,8
"Fructose_dat_m_1",0.0143323692839172,0.00887813261165946,0.00544870034625078,0.00643764919224791,0.00335597705393477,5
"Fructose_dat_m_3",0.0125561572516403,0.00159547760444621,0.00122103439272028,0.0027292553304114,0,10
"Fumaric_acid_dat_m_1",0.0619453164587662,0.0541004441378286,0.065689971663876,0.052764809533435,0.0712544448931617,8
"Fumaric_acid_dat_m_2",0.0950931752439612,0.0940683653843165,0.108087203034927,0.0953972807819267,0.117850680217065,8
"Fumaric_acid_dat_m_3",0.027421758197599,0.0298710585306533,0.0306967328088611,0.0274152905665228,0.0354373837487261,6
"Glutamic_acid_dat_m_1",0.00654651575317404,0.00841913496572741,0.036278046914469,0.0269536214883222,0.0375616487834217,8
"Glutamic_acid_dat_m_2",0.10017784703902,0.106259551792052,0.131607149929865,0.107960530989806,0.136032226825655,8
"Glutamic_acid_dat_m_3",0.0174432447013894,0.0165965046237133,0.0203614410631852,0.015765918269446,0.0225958621473342,8
"Glutamic_acid_dat_m_4",0.00776328983321455,0.00870836600765376,0.00889591210926756,0.00691568585351524,0.0101716668980975,6
"Lactic_acid_dat_m_1",0.213399744522323,0.208286548002861,0.238901067322352,0.220718880547666,0.231729517544986,8
"Lactic_acid_dat_m_2",0.100602614504086,0.0974480590242495,0.126202547751815,0.113993612607864,0.120191423101046,8
"Lactic_acid_dat_m_3",2.01373963334022,2.33289340981832,2.23842028988528,2.3000994036003,2.24961669799855,7
"Malic_acid_dat_m_1",0.0750502360308847,0.0678811880301348,0.0806316651650607,0.0648024723360016,0.0833932378072775,8
"Malic_acid_dat_m_2",0.100865916378848,0.102886212998279,0.11576454596917,0.101968683310056,0.123523851755556,8
"Malic_acid_dat_m_3",0.0300062957112491,0.0327015649005007,0.0324400900035428,0.0301080470972023,0.0379801338088081,6
"NAD_dat_m_1",0.00601341743935077,0.0114219246443806,0.00891352534312598,0.00137208781362007,0.0182990493190517,6
"NAD_dat_m_18",0.00107629276810226,0.015445697676852,0.00931366819313518,0.00169466548776894,0.0135198439724085,7
"NAD_dat_m_19",0.000957584314449283,0.000479291011032736,0.00599385624622037,0.0079249197178822,0.0112774025648334,1
"NAD_dat_m_2",0.00710737237837191,0.00616736784040175,0.0169810769982019,0.0134968335115386,0.0152886809541198,8
"NAD_dat_m_3",0.00580455460491378,0.00334870147902458,0.00807235916599995,0.0084831682310613,0.00718426111300255,4
"NAD_dat_m_8",0.000443651901242225,0,0.00772660333436946,0.00362778902144459,0.00275779376498801,8
"NADH_dat_m_1",0.054382135039421,0.213784381406684,0.090261957488136,0.109852135880208,0,2
"NADH_dat_m_16",0.211233810497614,0.284866220735786,0.292687595822099,0.836309523809524,0,9
"NADH_dat_m_17",0.236156344465349,0.251461988304094,0.165043481738812,0.699548771121352,0.452054794520548,9
"NADH_dat_m_18",0,0.264934703720588,0.697558037106074,3.71140612578427,5.82285593087422,3
"NADH_dat_m_19",0,0.608996157703185,0,0.0997605746209098,0.587205081669691,7
"NADH_dat_m_2",0.023844351075688,0.000661790316962731,0.024540901909536,0.105542692293282,0.609876543209877,3
"NADH_dat_m_20",0.0393660531697342,0,0.193965517241379,0.607917150600077,0.918330308529946,3
"NADH_dat_m_21",0,0.328282828282828,0.535645765348841,2.21493437866438,1.60090483210423,9
"NADH_dat_m_6",0.0182353826008226,0.0532431086423827,0.196895452468421,0.106688476917485,0,8
"NADH_dat_m_7",0.0424013297319235,0.17239072515842,0.0231506919006919,0.379109062980031,0.691293243557,3
"NADP_dat_m_1",0.376085555157857,0.343341852292829,0.285481978777496,0.340238906823857,0.228487904149181,10
"NADP_dat_m_13",0.185186796648925,0.0870535482980789,0.0510204081632653,0.0701128936423054,0.0276153346328785,10
"NADP_dat_m_2",0.182283210019223,0.165485562239932,0.205673221476663,0.43590268929114,0.240543003290775,4
"NADP_dat_m_3",0.0250075481638084,0.102385583524027,0,0.0798179988108665,0.0568757148349029,2
"NADP_dat_m_4",0.984502349895287,0.99732035919306,1.40469951048647,2.66182825829281,1.03275018321043,9
"NADP_dat_m_5",0.0537192647058709,0.0594640335517354,0.206770244621813,0.111017154577908,0.215816126056607,8
"NADP_dat_m_7",0.297208540391609,0.273687608858197,0.367349457534573,0.972841615991443,0.304900507390474,4
"NADP_dat_m_8",0.0310497415941842,0.042191091954023,0.0727344035165381,0.145791722956702,0.11569363244621,9
"NADPH_dat_m_1",0.134993320039265,0.080345262511708,0.111981484456594,0.0352720825274017,0.409780641106222,3
"NADPH_dat_m_2",0.563006147709286,0.799234248494092,0.0917005112704472,0.996046805783818,2.5340559215273,3
"NADPH_dat_m_3",0.0237298499462869,0.025320322320599,0.0171515706955383,0.0941796508993041,0.08,9
"NADPH_dat_m_5",0.0217013888888889,0.355311448043539,0.0207194899817851,0.0731292517006803,0,2
"Oxoglutaric_acid_dat_m_1",0.0159980734829056,0.0167700997682003,0.00815483426407562,0,0.00279146252719697,5
"Oxoglutaric_acid_dat_m_4",0,75.5338529951206,2.95492289442467,8.38721461187215,19.5668981481481,2
"Oxoglutaric_acid_dat_m_5",0,4.37162162162162,0.43198892843021,0.473490805501524,0.999900793650794,2
"Phosphoglyceric_acid_dat_m_1",0.00812063819350635,0.00948306333772686,0.00737904239195777,0.0075789502685978,0.00637221865457623,2
"Phosphoglyceric_acid_dat_m_3",0.0466491048524555,0.0697139763387323,0.0466249282038071,0.0500426912074373,0.0423026179000319,2
"Phosphoserine_dat_m_3",0.236020008417269,2.1500483934471,0,0.239780539397144,0,2
"Pyruvic_acid_dat_m_1",0.0107191053905136,0.0118623565063818,0.0144759504643655,0.0114511391719469,0.0107494244368443,8
"Pyruvic_acid_dat_m_3",0.140707856784961,0.172022085945782,0.187453945408725,0.163408325210149,0.164498754895547,8
"R5P_dat_m_1",0.0103092151355296,0.0101573362422503,0.0114145378915,0.0192154582874609,0.0153853447084841,9
"R5P_dat_m_2",0.0103839691460811,0.00989626992514411,0.00882509097001658,0.00692007004698397,0.00555916189115353,5
"R5P_dat_m_3",0.0220476228629571,0.0246113681479875,0.0222046117824191,0.0190197735167412,0.0232689808611329,2
"S7P_dat_m_1",0.022249327564821,0.0243497464776881,0.0246246743410413,0.025776903427508,0.0285215463063777,1
"S7P_dat_m_2",0.0144246230523089,0.0169251511766983,0.0181038806184741,0.0164129877319787,0.019404228792403,1
"S7P_dat_m_3",0.0251827001561619,0.0287798970234851,0.028220454802522,0.0287177178852183,0.031092473828272,7
"Serine_dat_m_3",0.00823965156092053,0.00972884614501262,0.0102016019518621,0.00730203149247887,0.00730395617377043,5
"sn_Glycero_3_phosphate_dat_m_3",0.0143619466580394,0.0128701246607897,0.0212228083409539,0.0151324877010787,0.020495244750376,8
"Succinic_acid_dat_m_1",0.0563388991385489,0.0460128501466253,0.0517611896913863,0.0437531232566807,0.0507401896707071,5
"Succinic_acid_dat_m_2",0.0554495628047637,0.0690502620006412,0.0342465295970127,0.0276572850533729,0.0559789948540986,2
"Succinic_acid_dat_m_3",0.00945317076596339,0.0140583669834774,0.0074607960872729,0.00739685640080867,0.0132504843190005,2
"X6_Phosphogluconic_acid_dat_m_1",0.143239265941829,0.167235911267589,0.183264556808879,0.167056824753993,0.19352625505824,1
"X6_Phosphogluconic_acid_dat_m_2",0.14391471504885,0.188058427024413,0.20713190756217,0.190431343824737,0.244452871651863,1
"X6_Phosphogluconic_acid_dat_m_3",0.0610669397972014,0.0882938037659056,0.0620144069904805,0.0724746900601682,0.0915127826853553,7
"X6_Phosphogluconic_acid_dat_m_4",0.0181394679030851,0.0241138646456905,0.0294826719281691,0.0243931197416425,0.0408895716613143,1
"X6_Phosphogluconic_acid_dat_m_5",0.00615264564923104,0.00840079689289569,0.00857698919507045,0.00788799719304778,0.00878291342922136,1
"Gins1",4.87199964182607,4.1357571300991,1.86537483551918,10.0719144961476,12.842329680422,3
"Sclt1",11.947688180349,8.01110371971649,4.64823071449547,11.2395501824922,19.8442083016738,3
"Rapgef2",27.9354741166153,26.3993153960446,45.7476560665575,32.9420154142238,42.9744504899005,8
"Ccn1",6.98463287440468,2.79545344527942,17.27500817516,10.9422363555094,6.16181260103898,8
"Zbtb40",16.8358771030862,21.6866405229181,31.1059727318004,26.3099865649662,28.9735928356766,8
"Ppm1g",29.7691449095636,36.8235881735226,24.0364767880082,41.8861305623984,60.2390394734851,3
"Gtf2h3",6.93727944934149,4.82248483702625,3.43383440813636,5.35152179611459,14.6914808506294,3
"Tmem176a",72.0070097931436,78.5445637684088,114.581285005984,90.4660403594935,127.565225200663,8
"Chn2",15.8078583206319,18.4003021085659,9.01718728385638,14.7569840782978,31.8210704262037,3
"Trnt1",27.8342392360782,21.5987953949238,16.7269274505193,24.6478970298459,45.1430044298919,3
"Lig1",2.72557925848098,5.9085554425935,2.84309944403555,11.6014801819822,14.6388689225074,9
"Fosb",43.5095964065476,22.3064257468188,53.3397929779451,38.6401462176082,32.9504137448093,10
"Zfp36",190.126063806909,145.034716810449,239.806358260897,181.303373586414,249.725126248632,8
"Hddc3",11.8620602806345,10.4962818294711,9.17743309837297,17.9771086867959,28.5819990409621,3
"Slc10a7",17.115096535355,17.888012836357,10.5257667989008,25.1322644338068,36.995103786195,3
"Plppr3",4.99733080478943,3.50851775038254,0.198620898710335,10.1233203084457,5.15984940372085,9
"Kif3a",14.0497504775579,21.0472861115687,24.5560819284895,23.6084370911259,20.8727499911955,1
"Flcn",56.3561191293088,77.0826079308566,54.5722666844027,86.6284097497685,130.328460055905,3
"Per1",127.426169335366,110.549115612597,157.391866407014,184.404351010521,146.295242732226,4
"Pgap3",2.79609293027597,5.93697636490034,3.14327390258436,5.79722564265514,16.1309551002238,6
"Plekhh3",5.77493959735988,7.61906271182121,3.0265311047019,6.19851426869763,20.3813803379352,3
"Arhgap27",16.610862411533,24.4924089364896,6.63728118743087,18.4456182331636,30.2758883365711,3
"Cryl1",20.2819113386528,32.5655345547724,17.658933656488,35.364991572238,46.6619371803102,7
"Cct8",11.9588723196888,10.4596586119715,8.89375570963015,13.3863163687637,29.396067560832,3
"H2-Aa",188.320766906245,217.931423614518,254.933036206235,234.378041031984,291.653392174761,1
"Galnt1",65.614027979206,65.7919084987121,80.1790174576087,80.4087110232904,83.5487292711331,8
"Pggt1b",48.2640503229809,44.9360722883462,32.6544107383569,52.3106458112224,80.5843857782423,3
"Cd55",3.81881361793236,3.4147914410108,15.5118173006438,3.30147865195101,11.4781116069238,8
"Rif1",10.2466837847613,16.6299788742266,20.8586753708071,8.01903431227183,29.8631931118679,6
"Blvra",28.5604627420673,37.5227763880154,27.0161658184555,46.7504625010639,49.2813512363953,9
"Cnbd2",13.1464349359302,16.4940068680075,6.03005190465165,16.9188891613467,11.5035526842266,2
"Spata5",26.4953671742007,39.5801121009087,47.4077638250228,26.2291281096749,54.9797045150529,1
"Fnbp1l",27.6907033983182,33.2193455534503,25.5819399672622,44.5530708759429,47.5885776533704,9
"Trim32",2.49166889022914,5.4640103475509,10.7727545159644,3.4632968008829,8.713276593375,8
"Podn",2.87592094941527,3.77452757072255,12.3703791971733,3.31513323440971,7.33061212445967,8
"Sec13",24.3423410808733,31.8399628052659,33.1327801796708,20.4886789142037,60.7774958180279,6
"Eps8l1",31.7976074650136,28.4111103849455,31.2281745851695,13.0708755089908,52.5897605750596,6
"Mill2",26.78842020935,33.8421051352095,28.0884023111969,50.2711686734417,65.0531257727094,9
"Wdr11",28.1809535510996,37.4225974869813,27.0228463405326,53.2341349201468,53.7566975210472,9
"Siah1a",1.35121120840585,5.0720304331955,11.8628246919459,2.17976757967496,11.9665535841311,8
"Nbeal2",30.279561307054,41.7472759792351,38.7925614038122,23.2047441482436,56.8169093421258,6
"Adamts14",3.61270817088367,7.47220379416962,9.43851431381284,1.86495796262004,11.1565884814453,8
"Mbd6",22.9116072028532,34.0933898122628,24.6687637380454,43.4110457049676,52.1367257612647,9
"Utp18",6.32454571490039,13.0927695069342,5.67227080194604,16.8908224896564,14.1412709987582,9
"Grb2",27.9588599191415,45.3937375889574,33.9892122323264,64.820978629715,61.9366184895873,9
"Syne2",19.1542167615981,36.6342379995974,48.1990666408536,30.1389670289715,54.3698187140455,1
"Calm1",41.5220833120739,37.3638963959282,41.1664191417594,71.7276920666454,68.8250580486626,4
"Bloc1s5",8.74378770501619,11.0814331111673,4.05890482153963,16.5443683529022,15.8151247376776,9
"Taf11",17.4951732843505,26.3714638668173,18.065443362016,34.9240938851935,41.7661090962866,9
"Cemip2",14.578592040039,25.0901154263489,28.9729002333736,17.1523673177143,28.3931428248513,1
"Cuedc2",32.6799489053146,41.9201273523211,33.0745328652848,58.5778258678387,78.3612524645034,3
"Mfsd13a",2.11852021297429,7.82766822510211,9.87599195451015,2.33988473845146,8.7154866302055,8
"Dst",51.8862568548752,50.7276270356685,76.1888799585848,64.507220095779,79.9847139236597,8
"Col3a1",14.2777278442099,14.3718397168672,37.3653917164868,21.034613047293,36.4885680070164,8
"Tmeff2",2.51818516825411,0.492044921132125,7.46812398870791,2.85988892226532,6.33189535925792,8
"Ikbke",12.4178322238277,51.8079132998665,27.2476147936159,37.3779378408426,32.4436695396846,2
"Cdk18",7.44873072466162,16.0881402608905,5.49050661161689,9.42437636954553,10.0023599618353,2
"Dnajc1",15.9148105211065,13.7149011547527,27.7259168380848,24.0515244910103,40.2492732575121,8
"Psd4",30.5796198742735,54.2448946016984,36.5222679064374,56.5197338476303,73.927187284279,7
"Lzts3",7.31367307859597,8.51106555071087,2.4706603078459,8.59575249923732,13.5894218929721,3
"Chmp4b",9.14301839097823,17.9644124612879,7.03583026138132,13.5507707096216,23.2318535232482,7
"Sh2d2a",5.79666004038245,17.2755240712517,0.799968219435648,3.93906383288223,7.46786728179013,2
"Ank2",33.1668522830533,23.0261559459614,48.6493406267732,41.4074207449347,52.2286038636048,8
"Pip4p2",13.8282082917216,19.6274416136136,9.38988090270263,21.1194047728561,20.8344184555313,9
"Ptprf",7.30892857030747,8.81738043679535,21.6807888742826,14.1475862818624,20.5100015940153,8
"Zscan20",5.23367036832463,4.90277885047102,15.2182436412162,11.5317674622141,19.885598805159,8
"Nbl1",5.06561667585767,6.96816789844041,20.1144215880324,16.3269276596106,18.0829973709313,8
"Pilra",22.657920302301,11.837866577916,25.9567093869734,33.6829988381621,49.9815978079852,3
"Pdk4",0.353911804396255,7.00240297276381,1.23371332326013,5.75345436833295,9.59084466352137,7
"Gimap4",5.57206088928152,20.5146727710525,8.80669384215039,7.17134219648837,14.47061707139,2
"Gpr19",5.77752505397945,2.58618643669029,10.6820675776374,10.9228095371431,8.03955336844368,4
"Dmpk",15.1846326748497,11.6217825566355,34.3240785960215,21.2415023518247,53.8727427267505,8
"Mark4",27.1169366449517,46.4445515153349,26.3935736408231,31.2083952960648,51.6873218911941,7
"Kcnn4",16.8879195310289,31.0322290182846,12.8612449706331,19.9579191950943,28.6435598975763,7
"Ltbp4",12.5365057548895,9.96560603108462,25.131328585199,12.7930476314967,26.0803018623898,8
"Lat",15.8905097275783,25.972176513567,10.3249993781949,12.1541843829215,18.1288192092244,2
"Cln3",53.5580000008661,63.3637392417465,43.9487594066072,65.4806122710827,90.7307309636637,3
"Sept1",14.8560016089686,26.3443481651978,11.9554527643203,11.8635510240716,21.4747210437702,2
"Itgax",7.20322616645959,22.4940485803825,8.22030495589454,10.4620401812259,23.2867159751213,7
"Tpcn2",40.7644506097354,60.0437770531057,35.0460713317772,56.9469294722144,63.9537592033944,7
"Elavl1",30.7609471952254,48.9709421721344,31.2841564573719,34.2400458516865,57.3790876722793,7
"Col4a2",11.3919702013412,10.9363752450114,26.7731579843977,17.7683896223134,27.568466738909,8
"Tcim",18.3410340124026,7.90091983465895,18.2640557934408,24.5039339741594,31.2978846561596,4
"Rwdd4a",4.48196619365101,13.9696303137818,4.14133064716983,7.64758271641181,12.7379839898818,7
"Dcaf15",53.1400058400034,78.7850629627409,53.3702197814355,69.2136875387812,109.000600216666,7
"Dock6",19.3999144209271,18.859815867149,37.2250325171982,22.1543989602866,50.0094633291782,8
"Ankdd1a",3.90306207079221,15.1102925316954,2.19840985059848,8.59966882357784,5.37048474374329,2
"Dusp6",128.566031701389,94.5297839728048,146.441125345451,141.94888356539,204.699373763976,3
"Vmp1",79.6201948527243,114.056174928054,85.5548379170829,114.745255406225,145.471802934964,7
"Pnpo",13.572328097398,28.533441400492,12.4062924096624,19.0670318440463,29.7024349763286,7
"Mrc2",2.86828056116818,1.72208213367957,10.8528749167404,2.51767070500988,3.70915849476876,8
"Pitpnc1",25.8060269334,44.8504769243989,26.1565223804563,37.0861548039978,50.4622876972956,7
"Tk1",2.16221246916161,9.64585326652509,2.18795789719227,6.68943980266819,9.10313398058493,7
"Zfp346",12.9111523982006,25.7102654195629,10.011323513341,14.1456495648894,26.6224280071742,7
"Thrb",5.6598200366484,0.411652547053843,4.65624303950244,5.53425720193031,8.837015301701,4
"Lgals3",46.0260923398193,70.7582504456227,44.941325775253,71.7197943400149,85.5120646499539,7
"Ano6",27.4135541069715,28.184427326171,45.9864512650708,40.7672953911498,64.6480740907416,8
"Galnt6",6.53165772889859,14.0988243776362,3.65061201507667,11.1008427534273,16.8817933257655,7
"Fstl1",2.57551106925902,2.09360632580137,11.8139025692493,6.14724331058361,10.0520052259877,8
"H2-Q6",50.2154638472722,86.8956775868252,62.4723925907154,55.3717094478846,98.2079006113236,7
"Egr1",29.7081894341256,15.8947050156978,42.3353924268116,29.5813141151314,41.7173437880833,8
"Sra1",11.5341717001439,10.6498414834177,23.6694976456321,24.521547791423,38.4679411710813,1
"Tcerg1",24.4079955337066,46.7323650453355,29.7304087725713,39.8841477945506,51.3172532190631,7
"Ch25h",3.95346066467589,0.450246350160438,8.60791727568984,6.44526796140041,9.82855867044309,8
"Fgfbp3",6.24762955802635,1.1103101938328,9.40313607006932,3.61147671981465,5.24425205225377,10
"Card11",6.25359718366951,13.1460603121236,2.08268809559251,7.48599249734541,9.78425593549678,2
"Hjurp",26.6073137363036,52.5550704811184,61.9707357234284,61.1581276351421,73.5408319983029,1
"Btg2",87.1569633744062,82.0701975778999,71.9485359131737,83.2711350859418,116.48988309269,3
"Disp1",0.54635405102707,2.99692618560322,6.92305081403467,8.22537063099641,10.6930920614655,1
"Fubp3",9.23815385101653,18.0386275888559,26.5545528849047,19.5900585327697,21.8243033578861,8
"Slc25a12",7.94676721122674,23.503327987617,25.0221086067531,21.1295821115625,35.3349268472325,1
"Tnks1bp1",6.91857071262896,24.0024672083749,29.8695003129216,18.4450440658842,38.3943267848737,1
"Ckap5",9.3565464092073,17.872150372153,26.5195097152197,23.8914062520952,35.2893062177748,1
"Vps18",13.4634190221109,17.9160211919421,33.5554456280416,31.6516851667431,28.8323305927823,8
"Nol4l",0.90136176646554,6.39022222486981,8.01131331327657,7.21607261505517,9.07153653391184,1
"Aar2",1.7265121610881,7.97688017979985,8.78188079598532,11.6499334482689,7.32115342254637,9
"E2f5",4.14120577589637,12.881440777365,17.492286697393,16.1557673380337,18.68502655341,1
"Prcc",15.4470711858961,26.6942311701107,35.7356795517061,25.632904486809,45.2838746707515,1
"Lrig2",9.0843577009109,13.8213844342549,28.6375097959244,29.3792649658277,37.5666651739843,1
"Csf1",0.589490237863827,6.05931773413882,6.39874589938024,5.39403336821785,9.99468652749679,1
"Gar1",20.8650555902831,18.3498709647549,13.3373015637391,19.2827222144026,30.0898123436772,3
"Lamtor3",26.3293314874204,29.86533023992,19.1992694789282,33.642508901672,40.9417138629316,3
"Srm",1.80718771494595,7.43256696771753,12.5008733569958,7.37670305795025,9.99542826711179,8
"Pik3cd",122.722200292638,121.461508980192,123.252145069559,138.786703913882,192.771644172934,3
"Eif2b4",6.41694055894128,13.3193223987425,20.877578924553,16.2219086636915,30.4841051552998,1
"Usp46",0,5.68194833317019,3.86880397178758,3.44851387480964,6.04500898626266,7
"Acads",11.7110649436382,22.4711573669825,29.9494770983093,23.9636253853345,47.4720812219082,1
"Camkk2",30.7774016584236,55.3071731106259,59.766626497738,62.9991941882613,118.280152277662,6
"Lat2",76.3228212824487,75.1705685215152,62.8333663308599,84.5643144582397,116.585498764926,3
"Fbxl18",2.79238092290375,8.5106610554104,15.3277123582928,12.033096596928,20.0730188573143,1
"Cav2",3.41699983472033,14.9164548588921,17.8121373658982,12.6807557932284,22.6481747120282,1
"Cav1",4.0164199455203,13.3106786196462,20.1224453138091,14.8414767566502,26.5712589712964,1
"Lpar5",0,2.94171507840193,5.68484419409819,6.98690754080198,5.11204885129595,9
"Prkcg",6.12435746530753,5.33565967969447,1.04095639492124,4.75034932614904,8.62194234043437,3
"Dmwd",2.87914344979464,6.58319499347093,16.1666529158821,9.95034042034234,15.0593064576577,8
"Rgma",0.205229866489689,1.20581507742012,10.0184562215829,4.26155385754617,5.16833419536038,8
"Tenm4",7.24728499468362,7.74945374986631,2.72990047421017,6.82402065985879,6.78970219250082,2
"Arhgef17",0.647798165741692,5.35229184907217,7.18781138680719,5.41361087266433,10.8364342151805,1
"Deaf1",16.898621983015,39.2553907744626,45.5430509570614,39.1288418808303,61.4512937001478,1
"Vdac3",0.9735347172657,9.6045803229864,10.1727884580619,10.9919662896414,16.6319283703468,1
"Map1s",15.7983218793981,39.4426279992126,48.2305790225299,48.3605256511959,75.382685483724,1
"Tmem38a",1.61162654812483,5.65849132800447,9.79939145702145,7.83405176934463,12.3238718452342,1
"Rnaseh2a",15.3634627311222,21.5827103099319,38.558991786316,31.5147414409484,45.5403282871302,8
"Tango6",11.4502145876026,22.8283944212337,37.0078433950877,30.6819197011945,52.0412174772511,1
"Mon1b",2.62612603687868,9.69687477184142,15.4644137119834,12.2284444541605,12.5193056804402,1
"Sipa1l2",24.4860955376904,25.0895694323588,17.890426836076,23.5727133067422,37.2648501816848,3
"Mlip",2.55770789565884,8.63237193793294,13.2434841043447,11.4527885698894,15.5698688459654,1
"Acy1",1.54493835475242,7.92036711311301,9.13255488974395,6.63649433901523,12.5405639367791,1
"Pdcd6ip",65.6481333454193,101.612966111105,125.396394911613,107.345579809851,155.054438780986,1
"Ss18l2",4.18508690866363,7.42905503722664,12.0737768070748,12.09844655517,19.5824361001345,1
"Sash1",56.571662753373,51.5257617589763,48.5525925266601,63.6334530680169,87.8916815200961,3
"Ddit4",5.07432839718528,13.9214830027772,23.330731378895,24.0255215523675,14.3335664654395,9
"Gal3st1",0,6.09939456746327,5.17173031513823,3.96842203091592,6.70685136858387,7
"Plek",87.5490522524643,80.8419600934991,73.5788808551738,97.0485902398045,124.110374819913,3
"Pus10",21.5768485981925,16.52500892244,13.9473109666969,16.1975832369518,17.6821396406767,10
"Tenm2",0.700749822017232,0.87837335922941,7.29724690047112,2.06897737800963,8.54344096195354,8
"Drg2",24.8099447750925,27.725301774843,16.4107456868164,23.8891944864696,36.5459425878187,3
"Rnasek",9.19489290990732,16.5384980275336,28.1677774487749,34.0901588764238,33.1902164812977,9
"Slc6a4",14.8196173665196,8.48192373350269,6.86125241232959,10.6688300663242,21.6218969528796,3
"Dynll2",10.181950030562,20.9041091190069,26.2919342045033,29.2025520449486,36.6476674170939,1
"Col1a1",10.2130754296808,23.1027492043245,39.6045842637718,25.3342354460509,37.0809762022101,8
"Dcakd",30.3281826126556,21.6277562639961,21.7133163971072,28.5427854488181,27.225788558546,10
"Gprc5c",21.9909024904606,47.9437854277178,52.3462906950521,44.7610937888034,87.8219529857797,1
"Zbtb1",5.57850352126244,13.1007537281897,19.6250855062667,14.8074625722202,26.1438782733646,1
"Galnt16",0.96099618155347,4.94099642119664,6.71851025710207,3.67362338846127,6.51038815612983,1
"Zfp839",27.8533105395409,25.5898699396037,18.6019185886787,33.7595058494048,45.3242168109271,3
"Ptpdc1",10.3101568255793,20.6771697166755,32.2305352652384,23.3200479557411,36.3086902869302,1
"Fgd3",88.464034916383,91.8067309580215,81.4258191291794,94.8563827139718,138.035212249015,3
"Zfp369",7.77271765313827,20.521247440592,23.9132959257209,23.3565373419158,27.1319955624799,1
"Itga1",0.629212771586948,6.00349499702148,11.3404869285341,5.85880857539594,12.2634152860088,1
"Ptk2b",56.5010718368804,45.8115168938055,45.7981281015663,52.4948250809644,78.0917621727742,3
"Slc25a30",14.2414942205244,8.56506382199657,7.0060528294675,11.6864764237558,20.6561225700155,3
"Bora",0.444637309372812,6.39037382037349,5.08097269690139,8.17986336946876,8.10925551268413,9
"Lmo7",0,2.56111503809396,9.39574057832,5.4181306572916,8.0734823509479,8
"Lima1",12.6918147697415,25.1630636257219,31.2077176502768,28.3448401730661,37.9181243550021,1
"Igfbp6",4.027747766016,9.84030359207397,25.7799455600859,13.3075943966726,20.7289359515253,8
"Ntan1",32.1884044271062,31.6887256438237,24.5136362919093,33.6551842441731,52.8458381452597,3
"Timmdc1",3.08485836371517,14.6847725768272,16.2304646649008,10.0567861562595,19.4807918341961,1
"Yipf3",53.3889397144762,48.952555073222,43.6077248925083,53.5416405824203,82.5158680921509,3
"Spata24",1.67864523528865,3.81340916037383,11.8341441528897,6.01211980973241,8.46247427005867,8
"Ecscr",1.60858175616934,5.86270962746165,12.1465622255298,7.89663759849872,11.1974446440179,8
"Rnf14",30.0196021135852,25.0032086746278,21.9176839728893,33.1949055792666,42.3327205984608,3
"Smad4",26.8779500476638,49.4998589004729,54.4413810856733,51.946302965733,73.163649865037,1
"Eml3",21.1023493030865,38.186890033396,52.1011175071328,43.2139851680553,78.5190603982643,1
"Gpam",4.06126918215829,9.44184148681954,16.5586452326894,14.497192703565,26.5121853717261,1
"Prrg3",1.12828261620425,3.71594702108737,9.35490532551492,8.33742630036188,8.59361343842966,8
"Phyhd1",32.2582756605538,55.778964757836,38.6333578623555,63.8731990794432,54.2741389975418,9
"Fpgs",5.49220148650738,13.6211087173495,10.9597001609392,8.95231941498208,32.7344815823486,6
"Prr5l",13.5132827165971,13.3178330823508,12.74248664397,6.44835931375031,21.2704303809321,6
"Trp53inp2",3.92175006917949,8.87983296741429,6.55665189673176,14.1696032606431,7.59687460312272,9
"Edem1",53.6865209896329,78.8028402664116,70.2076300573028,88.0146380004193,91.8040148445157,9
"Rdh13",12.1506041386094,12.6906006818701,17.3222171029757,11.4592249795452,37.3875945580706,6
"Eri1",17.1403012730436,18.2484758551511,17.9899281072267,26.5354731016929,16.5251845391629,9
"Glg1",30.6113916923073,45.835803762328,35.9977177018579,51.3039780039381,42.4134611498554,9
"Micu1",25.2562182970907,28.3119196163257,31.3380668596529,49.5511832751811,45.1117236637553,9
"Camk2b",2.96394959632567,6.57258924574553,3.0976796919605,2.32146495789134,13.5682096682406,6
"Rhbdf1",25.9899532454992,34.4731944196715,39.1069008364033,29.5253756564663,74.1629406288416,6
"Cxcl16",24.1504938508633,24.9509050158831,35.2701423932215,23.2803194219825,54.3720884379339,6
"Auh",43.3644628963715,45.6472606296262,56.3208321279367,69.0547544530747,65.8981010686701,9
"Zfp367",13.0740729037277,14.9856716910502,17.2182191320224,20.8810641311345,13.3548179966283,9
"Ptp4a3",28.4611879933228,29.087690658451,42.0801931568171,30.7279808811228,75.511520102777,6
"Cdip1",26.2665916303076,38.1921680575607,29.7302070425404,30.4338240410585,75.3299793854339,6
"Ankhd1",22.0794736763306,43.1111943163015,35.1987964474222,31.5036916218949,76.7923888368481,6
"Flna",126.663379881752,171.712548366166,175.673416280321,160.184266778912,304.426643468556,6
"Atf3",33.958211054687,49.308883244707,38.3811456566423,45.6422252652237,45.2322242072499,7
"Nek6",28.5543323850467,26.885286471407,33.0719172194928,45.0033545565642,77.0627650941341,3
"Clp1",4.70510976214385,13.6116265661969,6.46142899376547,7.99012664409672,7.3363435697117,2
"Serf2",44.5411663525261,68.7593892239746,55.8040420901742,71.8932565343054,72.9572925475546,9
"Elf2",41.491559500133,60.5900631615246,49.4883585757633,56.5765792435366,65.8501099394815,7
"Thbs3",8.11363459904799,15.1212327893854,10.295881787242,9.83957296775188,8.20840580898779,2
"Tgfbr1",30.431235840347,19.0859783097958,31.5366752918923,35.5909755582604,55.1140035434615,3
"Smpdl3b",32.4478438089473,16.9299786297117,34.2283689135281,37.2420296107515,54.7867350899349,3
"Tas1r3",3.20644993584063,7.33922063159562,3.70348982881862,2.74575640429722,2.49601927554638,2
"Pusl1",6.54194591717305,4.74571158827802,10.935539802468,19.5425850770263,24.2561684954241,4
"Coq2",19.7773156792117,15.4476008962294,22.1146393500472,32.8261666325789,46.5408814388978,3
"Lfng",48.4838438504073,83.5083188599444,68.6260359962035,76.510124505588,94.6864441273796,7
"Bud31",21.5258335759567,32.5296088971557,24.2230619863368,22.1953908506452,21.8697308367878,2
"Srgap3",6.98986087814991,4.9990667856876,9.72590211086137,10.3565226048069,19.7150578309397,3
"Tnnt1",5.64728372281979,1.28713912550425,3.83737011137449,6.38563380132809,11.8540741802781,3
"Zfp710",54.2742851098502,53.7507950591848,78.1220007884584,81.0163444569402,137.097912598302,6
"Fbrs",72.979909556346,99.463834321199,86.8072540097982,92.5597444340731,118.379768749872,7
"Arhgap10",37.8539732005577,66.0990518695986,51.5834145425134,54.4602504198312,68.1939912681637,7
"Zswim4",18.6040780882906,40.6944026137893,30.4976228079808,35.2918376721377,35.302327340953,7
"Gas8",14.3943647979995,22.4320590352144,19.8988910301586,21.2144303409461,17.0010399092097,2
"Cd276",5.39441884414909,2.32649079024218,7.07006571061747,4.49425550096945,14.5112918990647,3
"Zwilch",3.71343222358739,7.84908411201252,5.94692601837566,6.93004824967785,3.91372514144464,2
"Med16",17.8745237210298,13.4894042550809,24.5956938613553,24.779434705044,40.6962700752059,3
"Mdm2",44.8253314071029,66.5027154857194,58.758532868529,56.1181299098466,72.6992692211394,7
"Vamp2",77.9412000227165,94.5027450502967,99.1925458270463,111.846525915197,112.491690558655,9
"Zmynd15",23.0277475471565,28.1491529416288,17.3305109752981,17.5296111421421,22.5890506568952,2
"Ssh2",61.9463167694793,45.330279407929,58.9372047130389,65.1350169351392,101.988000881625,3
"Ccdc43",16.6125513664451,26.2910192182583,21.198844795989,19.4379358112039,22.9685408321049,2
"Cmpk2",4.53507520260697,1.38961263190112,4.89819944959757,1.98893654025459,10.8131541479901,3
"Cmah",33.0194497743156,32.1947251498727,52.2685796561162,47.2095386511965,82.9200297237124,6
"Trac",3.22062629219761,8.65213773686061,3.48796060975116,5.42338922589343,3.77097198937237,2
"Fam83h",3.30967758747602,1.39419762980782,6.21975673477015,4.5268846710066,12.1138187716559,3
"Pphln1",19.447671172288,34.6240244729425,30.84128775341,37.6902475724838,33.652527314887,9
"Rhbdl1",11.3191003708135,24.3733125968652,19.2912773902105,21.6553570645522,19.8117620615633,2
"H2-Q7",10.8936531075086,32.3909742974834,18.2796049545182,12.6919036563455,22.6763166673687,2
"Oga",45.0745625939262,81.1316411604394,70.5806717458963,83.2103074310024,92.051356459254,7
"Rbm3",38.8633927336467,62.7022950396655,56.8269310956819,56.4858001717433,69.2767895074117,7
"Ftsj1",9.34110022948473,5.20145895630874,9.34663595539202,11.5748237798644,21.5504569341057,3
"Cul4b",8.15842805469065,8.4410432073822,8.48983572090095,13.9869502798151,31.6843853274859,3
"Pecr",1.75107026249668,3.22184550023891,7.73466796132957,10.8406606125976,13.9834231587323,1
"Glb1l",11.6624496587465,25.9480224943213,18.6870456571644,23.7081191213072,50.2321288663015,6
"Traf3ip1",9.22425503700257,23.130306239971,19.428385567065,20.9053573709701,35.201331210791,7
"Fcgr2b",163.616055071071,159.752867061648,179.459833692331,191.187401594239,266.249132379279,3
"Slamf7",42.2113147358591,37.6613288768431,42.2310940355142,36.4144655026259,49.9530863136605,3
"Nvl",17.0029167226412,31.8754825978948,36.6967477023282,34.1837474181813,67.330382647979,1
"Sh2d3c",5.55367233104217,17.7987986849691,14.5237455305819,11.8580200847795,27.0101091544765,7
"Ppig",3.04490122606829,16.4940879344829,11.2892206432202,14.8557007389181,22.2758263420493,7
"Rapsn",1.04460928816827,5.49411787166635,4.39235938856119,4.94782613609108,11.6237312008256,6
"Fam98b",4.48227703996572,15.0270063070017,13.764458831443,14.2019825387583,22.4749786393886,7
"Rnf114",11.0661997222164,19.2953921863638,28.7641382356536,25.9985432620696,43.4713489441762,1
"Rae1",12.9840592679675,24.8483541823205,29.3927566967703,30.8448137750714,50.4454484130875,1
"Alg5",3.44085921507638,9.45379800359553,12.0433784313141,13.8385734038787,20.8811727400567,1
"Fcrls",120.143128062854,132.86445433279,136.732584830478,131.202859178291,177.978549775267,6
"Trmt13",13.9762745198926,25.666133740296,24.5460327231755,28.9743635106441,60.3222395698981,6
"Prss12",0,4.33060868378399,3.90493512304027,6.25686451723872,8.9218619842789,1
"Eps15",123.584626109251,138.762780432369,142.424098530707,151.987589034152,182.844698183981,6
"Foxd2",0.479743123330875,4.0599936111692,5.22333797592092,5.24248792808823,8.16999150347029,1
"Ctnnbip1",1.65164463153412,10.4099026175541,6.99648802778702,10.3457879289044,13.6716013812731,7
"Phf13",2.04634556857579,7.807764740396,10.0909714761445,11.3666841462534,16.9220694078661,1
"Lias",4.2737634104601,12.2885018050991,14.7445047960425,13.3985666295021,22.2297920073312,1
"Rnft2",0.450246350160438,3.05460151631186,3.28520169108816,3.9484106845811,7.66786474987595,1
"Arf5",43.5234427328342,50.3639762338116,49.3322932693348,53.9811928452711,59.4241161180885,1
"Prickle2",1.60255539856359,6.24424572994207,8.12084083720418,8.64030268058825,15.8651592933791,1
"Dera",7.94321710438204,17.6516141813527,15.4032432074659,18.5408949592822,32.9793792077246,6
"Hcst",0,8.25465382573723,4.0441897978662,7.82881236655567,14.5890709274003,7
"Gpatch1",0.629474688680417,8.64140904041429,2.07769561343297,8.84008737381218,10.5665520628545,7
"Eed",22.0110442091982,26.7626273882283,23.6794855988642,26.3097630114384,22.8575384057414,2
"Zfp866",8.11886483308665,22.3511553693691,22.6124988547334,30.5312307059039,49.3598218063913,1
"Junb",74.2612743805805,56.8384382912469,78.5871293914164,60.8326354597878,87.7154585034121,8
"Ddx19b",4.79159299013737,9.79400851040563,14.9322686748924,14.9463520139884,26.5795568761337,1
"Cep85l",4.02271151878529,16.4069482063184,8.28733736869104,7.24257326637255,23.5559719929771,7
"Btbd2",4.65824512034399,11.6030380785231,11.7292783932396,13.1589736711075,27.0742804861187,6
"Apaf1",78.5686644635875,67.2011072755821,79.9686768770578,78.9592753800163,99.131120322042,3
"Elk3",37.1034205623591,62.9928953420042,71.2273186850935,72.4538333749144,122.782622717742,1
"Nt5c",21.9633227415395,18.4226665412943,20.3999643633995,23.3744428261061,23.2780044522,4
"Trappc12",17.047649908428,38.4701750393701,35.4959879163148,34.0460997306796,67.1097024756506,6
"Dapk1",59.869440089574,58.4181377184376,80.6224556554697,57.1135266096357,83.331440056903,8
"Rad1",3.17896321344158,9.04792693803023,9.65409365912246,7.29513299915255,21.5605505690508,6
"Atf1",4.27175068406424,12.8626901397757,11.6745437462655,17.2437580653935,24.2826555209928,1
"Mzt2",0.908542236327997,6.42362620469827,5.90472879976122,4.56142432146502,10.7617818939275,7
"Dnajc28",0,4.13406426717188,3.78049996802094,2.82415015651393,6.10449902627103,7
"Metrn",3.12286348789577,9.51315668380954,9.53666603800459,12.1322270849476,21.0520157530806,1
"Dusp1",135.916613881107,90.5082500914514,145.685321361854,120.442154926893,114.187626513411,10
"Ppard",9.86802449523648,17.4657242341754,21.7880933123398,24.2384832700644,49.3549737723365,6
"Angptl4",7.22504436378584,29.4385845799185,20.8115647729082,23.7042076382142,42.9864547155421,7
"Zeb1",2.52022655198761,8.53752038637581,7.64767439800799,10.1143183096557,23.5085341818678,6
"Arhgap26",86.0772949356042,88.6995987307081,94.8171173015777,76.4388000260788,118.693181250985,6
"Cyb5a",11.0698766047426,30.4298066525834,22.5449142781587,27.5628505699044,40.4832578685234,7
"Tle4",33.3476502050612,24.0923254635701,24.2773044947221,26.3229042831301,34.3757788414455,3
"Ddx3y",68.2179730841212,58.6505079707379,60.0969253058883,65.8127755594046,92.7442302572072,3
"Txndc9",44.5955271502366,35.5488878712176,46.5405340574754,59.0957077212819,79.776635403985,3
"Pik3c2b",1.89571380193188,5.36016642849527,4.11575418456521,1.2268768605159,6.11057764612797,7
"Cd247",1.571092862361,12.1734612758884,5.16580580244645,3.52376452678623,10.4691247130993,7
"Marc2",30.2542733426148,25.8778397994103,38.195355367933,52.5182645592067,59.3260347897572,4
"Pip4k2a",34.473812147872,39.411269648342,53.4767700111393,68.5805051037837,83.6615836293254,1
"Itgav",33.1038623195842,46.6727150465343,33.2035399248914,33.1132833373381,61.9592879874606,6
"Bola1",5.70629460830494,1.16457912533538,3.54120755402055,8.44911621345621,8.87266490302584,4
"Lamtor5",10.2657029040975,10.5298143321665,20.4719626122968,25.0441659382627,32.8240768783701,1
"Ythdc1",28.9255686753431,40.4860665547237,40.4565580578679,30.0980182627152,53.1240008985258,6
"Rchy1",20.1335903406434,19.4879728578754,29.2403931475143,42.3729043212618,47.0201028015324,4
"Akr1b8",4.46744391221097,14.7207140347201,4.5671470636406,2.54411045497034,6.08406019312352,2
"Nup210",21.5675631176096,31.3866323122626,24.6148080771912,16.6148181363839,38.0440216339412,6
"Proser3",14.1419156720313,8.30141639782804,15.2510384164797,24.6358844238357,22.6353582053959,4
"Cd33",176.179726357119,146.726559581032,183.424439109951,217.88324767492,281.588353888181,3
"Nupr1",20.6432680768982,19.7906004457562,33.899124704836,47.3667592513264,60.5267685407899,4
"Ankrd52",47.4167312597558,71.3800562290953,59.4232003874305,54.0819097807171,96.4893924518845,7
"Irf1",24.8029998814944,53.4322585696012,35.721558264257,30.7886391506786,60.5648235018225,7
"Hs3st3b1",4.19470033603919,1.27938253159421,4.89677192062992,6.90617282108194,7.59111118458225,4
"Cluh",18.7569305998109,42.658651483174,30.0491769856587,31.9805483620841,55.3402596579982,7
"Ccdc125",3.14581115698896,7.6604709699761,4.90136960020649,2.49084599009027,4.35136071093626,2
"Ppp3cc",3.71275740010821,10.1762253901644,8.72731390900589,3.97798938845169,10.648767137913,7
"Plec",101.168351184184,148.373936385411,124.679578341346,114.110443114429,206.759007627843,6
"Il2rb",3.15213219061658,13.1403195222032,7.76055784012162,4.2266865796013,10.7321582819402,7
"Cyp2ab1",14.0342384912064,5.4308809571539,18.1532215162078,15.3105250607616,18.2193850100351,8
"Btla",1.67366592635033,8.21090918949574,4.57734103599565,0.46514729082664,6.87529826960327,7
"Serac1",12.5516353419634,13.0487409247421,17.2471965285773,27.5727892067789,21.8057979834445,9
"Ypel5",42.7409116467306,26.5525593172104,41.143558655033,50.3909642411255,57.1815945663737,4
"Mta3",70.517503003598,104.263602981859,82.0365429693449,82.1689399192821,135.875746728866,7
"Stip1",10.8283624765772,23.5488631022853,20.5401497901482,14.2157593129839,25.2018472583566,7
"Hps1",31.3812462698305,56.8676420514662,40.9315253688047,36.6992919326841,64.147905380385,7
"Ablim1",3.5391810564076,14.5223606287029,16.038514404156,5.89151368969351,18.7453866415535,1
"Vsig4",1.97032627681431,0,3.78172678874144,8.85372925808845,4.71170837653305,4
"Inpp5d",185.88613845322,172.868199510252,192.723695495486,198.184443609872,295.521143485893,3
"Nudt5",2.37477805009116,10.7883357039392,8.55526961606455,12.9429191452758,13.3540214926864,9
"Ccdc34",2.28613755499646,9.16485334987163,3.9729397134209,13.0177224767511,10.9535573588008,9
"Nusap1",0.426207478813822,5.2026405547368,5.98999573403912,6.90625929011444,4.82738922458584,9
"Pced1a",29.7814837447261,33.1433126181631,38.8813395693074,25.6779612792602,44.6438118707254,8
"Tm9sf4",17.0277799331858,23.1848210390637,24.7694396421709,42.0077487912907,33.6805113437379,9
"Ythdf1",4.21528011540133,22.4550547864489,14.3996657095764,21.1975716545466,23.4511026238992,7
"Exosc9",18.0244685375194,15.0000309185903,13.7688631310929,11.0473230468832,23.5211508245776,3
"Ttf2",13.235850229695,11.2778378848013,14.7956894397255,7.55850199255018,19.5092953511337,6
"Chd7",20.4996989554621,17.3129206397202,20.4495683607079,11.2566370763769,32.3976076093745,6
"Pde4b",21.871408156763,12.7377639099595,17.8042612289839,12.1519991375353,24.5496217161842,3
"Mrfap1",14.0916611282138,21.7907112712764,23.7832967754054,39.5018851097547,36.8753576314246,9
"Antxr2",86.0836226490435,87.2108380716695,110.093484417009,81.5991464830544,125.303385479643,8
"Oas1g",0,4.34031657874208,4.70261568527018,7.70232198928603,5.65547305421278,9
"Hepacam2",19.4495525358569,12.9014577280128,26.9256716046171,11.0608079204675,23.3067805619724,8
"Lsm3",5.57802565200106,9.48523127757455,9.76118860654732,22.3202597476525,20.8879829283431,9
"Xrcc1",38.1965064157108,38.2256173741066,42.6729118666947,30.5623889813214,50.095146489347,6
"Paf1",35.6301022270174,27.8664723974942,36.5543011024362,29.4837380745869,43.8707855514327,3
"Ldha",14.7109016541689,35.1175510064575,28.0364573711483,39.5756169501499,47.9640297524596,7
"Lrrc28",3.7743713309685,10.1681365787607,9.75003303731324,15.4566336900275,13.324945382148,9
"Pycard",30.5247902222356,58.1433540063271,49.3621576040996,71.5401796042263,75.9239229595876,9
"Mki67",0,3.26217558560441,3.51164078111699,8.37302444398261,3.9166323003041,9
"Plekha2",52.0250233101381,48.5745626919098,51.255747266581,43.2045187376894,79.8688433858929,3
"Fam214a",62.7818198207211,53.8547282450833,53.8109473555159,55.0543215839719,82.4944057035012,3
"Zkscan7",10.7788771799941,3.00346900780456,9.03862149055287,4.48268673114984,8.69149750873838,10
"Ilvbl",15.7493538389616,34.0556737624115,25.9422474581363,37.3029275117864,41.8248360986739,7
"Mmp19",3.35212747996632,16.3239036129007,11.2024318411955,18.8910982981172,17.8093877547023,9
"Hmmr",0,3.87204398262271,4.24612033419877,6.81557568383143,1.78411632968154,9
"Spag5",0.977838181692675,4.76091529252801,6.36186352659808,9.61079469972189,5.55009825265189,9
"Dnajb9",1.3556380602443,6.25009942595196,7.12855894602611,9.06451667434429,11.3494653553168,1
"Rin3",73.9357986381268,68.8396766705696,88.2932208794985,74.1925432322915,114.57756088051,6
"Nudt14",10.3322999691787,6.90864350251143,6.18875597629453,5.14668935967241,12.7198831791078,3
"Mycbp2",78.9441876073822,77.2368422498303,80.779197625349,67.8282651306023,123.191432012778,6
"Eny2",4.14974981743344,12.1615436277282,13.2161994029183,14.9516544962223,17.5882541997014,1
"Sharpin",29.6988530949587,33.1369812021958,34.743525066607,23.8620693427122,57.4469642407076,6
"Larp4",19.8255564253528,16.4764563508252,18.1279919997488,12.7407918440506,29.2985864205935,3
"Psmd2",9.16149668390343,24.6422568632879,15.3402931484652,25.2248284805384,32.693852283421,7
"Tbccd1",2.13996528115474,7.21452852658629,6.53777352482386,9.68314334511903,9.75041233203192,9
"Mpnd",16.5781078314594,35.2381780643803,31.9578460187321,47.6676241792689,49.7943615431518,9
"Uhrf1",2.5366118752308,7.69489721247058,6.73509240067438,13.6387748763227,9.85768491417387,9
"Erlin1",8.85624380768122,19.1259004300934,18.4429404247552,25.5582651873421,24.9971836110555,9
"Hps6",7.45417448758925,5.03787001184896,6.94788097346802,2.22151652924504,8.2120035364647,5
"Mcts1",11.1373488238673,24.532287333209,25.2963958636128,29.2485821460562,33.7905647578645,1
"Cox5b",9.97656728185329,27.5769249864622,21.0391198727637,22.8867900333488,36.1857860863742,7
"Tada1",6.32345167159166,25.6925570215715,15.1710170452949,13.7386535869903,29.2993256547037,7
"Ddx31",10.9048847817992,25.2295668469678,22.3796566278063,22.8916373167975,34.5189279488954,7
"Gabpb1",6.16252891207079,20.6333856380414,15.9418819079867,13.1204581957571,21.8796717617701,7
"Ogfr",38.1362417861753,30.9572071654942,30.3140403495764,39.5436585876148,53.760567417973,3
"Nras",20.6709352865033,46.8135306065669,41.9627509899163,46.3395987209761,63.1067925240048,7
"Ppm1j",0.50421387764664,7.01787747381092,1.82633412434961,1.75339046029102,5.76304333400655,7
"Lmbr1",5.97157253518862,1.27125398161854,7.60972319729181,3.90333645062997,8.02597918218109,8
"Sh3bp2",93.959181466479,86.5772183897154,100.438193252026,122.884356234241,155.35037382168,3
"Tbc1d14",104.308596557302,95.0385607623424,117.810373056381,121.335699401785,160.324707697005,3
"Klhl5",39.2103401480708,28.9777529430249,34.987329562828,43.8778052325494,68.3344259534191,3
"Plac8",5.73349847193882,0.48261760310412,1.86036157887971,3.96242567841605,6.08150248652527,4
"Dhx37",8.4518918403279,25.033273003094,19.105110677401,22.4762381456807,29.5340992221388,7
"Gimap9",0.494041947836412,7.57092092648027,4.07536791094762,2.11094524126697,6.60193381039031,7
"Rnf103",20.2818819371703,46.9538222832105,38.1960884140375,31.925270181794,62.2347532870265,7
"Mcm2",2.9107227605046,9.79890841312011,5.67921647754364,4.63824387398982,13.2762321646287,7
"Aldh1l1",7.08468772306181,1.1364266255612,7.04401164340647,1.64708274469652,4.27826233066026,5
"Vrk3",44.4566589891787,36.4939496732283,39.7958955776283,43.5597731856052,69.9887229104463,3
"Jund",142.977401194963,119.210605557876,181.407650823502,146.348756608621,212.625685813747,8
"Lyl1",231.094833985724,206.479626239762,240.314318712361,260.077948942088,383.31140276004,3
"Coq9",7.22892795989251,20.9910489367713,18.5471827554663,18.1615006274327,27.261850063489,7
"Imp3",10.7768734528248,3.35897338885527,10.3813474298916,8.65125771238318,11.6184153233168,10
"Ints14",8.36228215105512,22.8861011203915,18.6037263721723,16.6072981034292,32.5782966191591,7
"Sf3a1",17.2722731267103,38.5813791069806,32.4760405908533,32.1918676571986,47.2255305271314,7
"Timd4",27.9969844179051,15.4367618750522,31.4320345068531,25.7505820371829,46.3140542647092,3
"Rcvrn",0.84822826606149,6.46404458299541,5.82600455076754,6.30750635162939,8.97241832234608,7
"Acadvl",11.9243723548378,28.8840723014871,25.9878127077843,29.9570274945569,46.2277456240548,7
"Mllt6",34.480509406315,67.038863194322,61.0877393972033,61.9972508048099,101.957062858104,7
"Vat1",12.4076877601908,34.3687938374628,25.400213006823,27.6065946828841,48.5830601669276,7
"Birc5",0.560642638599815,7.73339865771041,5.69283919053119,8.23920454261005,6.41141485200948,9
"Sgsh",33.2237597983359,24.7320676502448,27.0770254318066,27.4724747860504,43.8658116744947,3
"Ddx41",14.182727142471,30.7116332685824,30.8801020666067,24.4174794408335,48.1519149838639,1
"Peli2",28.4669922241459,19.0416021389523,34.6668777042053,27.6444222627952,39.8069432803977,8
"Cdc45",2.28720964736936,9.91536210854507,4.3189845219415,6.63698190943961,5.6482156016282,2
"Pcyt1a",47.5042898387865,40.2503658083503,49.3970681195016,54.3770396669237,66.6741933818136,3
"BC003965",28.475713835849,18.3933799764536,30.9197491559954,22.2344010306658,31.4566028716092,8
"Abcg1",9.87389816508725,31.4713908342407,18.8526800845793,19.6502108902716,34.7750481551276,7
"Clpp",13.1249676567946,7.35124154087463,9.34220379469178,15.1099934719822,20.1229094318876,3
"Gpr108",23.0092836943798,50.5944255884572,34.2849821191846,48.3326973874823,60.7902069865544,7
"Vav1",95.7321023306242,79.4129330832204,104.091830359548,112.558393865923,150.301673567186,3
"Lrpprc",5.02942026430244,20.6852153252856,15.2265864536688,17.0206115726431,24.660431591647,7
"Colec12",12.6946682147431,4.59256662723439,12.8889439710317,13.6934629401119,11.6691998481896,10
"Tpgs2",0.449194260305007,7.02442833484691,1.01516572506821,4.7064794945589,5.20798650861994,7
"Pitpnm1",18.7164396485574,42.4972451696585,34.8538601900352,34.2290385807726,54.7050262838891,7
"Ak3",31.3581098813777,23.6744064414376,23.7962692348771,29.8537120043034,39.7302387965969,3
"Dlgap5",0,6.40430701834421,2.56560748216162,6.11219404850195,4.52796962271378,9
"Hindpaw Withdrawal (C1/ C2)",5.189253307,6.939099317,5.535423611,5.501486012,5.204912434,2
"Von Frey (C1)",1.528,3.665,1.677,2.002222222,1.114,2
"SNCV (C1/C2)",23.26125,18.75315972,23.25627778,22.68357778,23.05063333,10
"MNCV (C1/C2)",60.45795,45.90624306,60.8605,56.68870556,60.95133889,10
"BW (C1/C2)",36.16611111,48.38,38.16944444,45.26722222,33.22444444,2
"FBG (C1/C2)",248.6277778,293.5411765,252.3833333,286.7944444,242.0111111,2
"Insulin (C2)",3.6907,10.5522,3.1719,10.51881818,4.3616,2
"Cholesterol (C2)",155.7,219.9,185.1,211.4545455,137.4,2
